timestamp,loss,is_anomaly,z,isZ,isIqr,isRoll
2026-02-10T02:53:00.241Z,0.146555,true,7.382636365109144,true,true,false
2026-02-10T02:53:00.273Z,0.088704,true,4.421922707775637,true,true,false
2026-02-10T02:53:28.085Z,0.138607,true,6.97587153565958,true,true,false
2026-02-10T02:54:13.887Z,0.027191,true,1.2737942535819984,false,true,false
2026-02-10T02:54:13.979Z,0,false,-0.11779387897500916,false,false,false
2026-02-10T02:54:19.457Z,0,false,-0.11779387897500916,false,false,false
2026-02-10T02:58:03.520Z,0,false,-0.11779387897500916,false,false,false
2026-02-10T02:58:03.528Z,0,false,-0.11779387897500916,false,false,false
2026-02-10T02:58:07.899Z,0,false,-0.11779387897500916,false,false,false
2026-02-10T03:00:10.760Z,0,false,-0.11779387897500916,false,false,false
2026-02-10T03:00:10.767Z,0,false,-0.11779387897500916,false,false,false
2026-02-10T03:00:17.458Z,0,false,-0.11779387897500916,false,false,false
2026-02-10T03:04:17.590Z,0,false,-0.11779387897500916,false,false,false
2026-02-10T03:04:17.590Z,0,false,-0.11779387897500916,false,false,false
2026-02-10T03:04:25.009Z,0,false,-0.11779387897500916,false,false,false
2026-02-10T03:05:59.900Z,0,false,-0.11779387897500916,false,false,false
2026-02-10T03:05:59.915Z,0,false,-0.11779387897500916,false,false,false
2026-02-10T03:06:00.379Z,0,false,-0.11779387897500916,false,false,false
2026-02-10T03:06:29.849Z,0,false,-0.11779387897500916,false,false,false
2026-02-10T03:06:29.886Z,0,false,-0.11779387897500916,false,false,false
2026-02-10T03:06:52.585Z,0.016853,true,0.7447133770281996,false,true,false
2026-02-10T03:06:52.682Z,0.131916,true,6.63343778203011,true,true,false
2026-02-10T03:06:53.026Z,0.133475,true,6.713224693090989,true,true,false
2026-02-10T03:07:10.080Z,0,false,-0.11779387897500916,false,false,false
2026-02-10T03:07:10.356Z,0,false,-0.11779387897500916,false,false,false
2026-02-10T03:07:42.769Z,0,false,-0.11779387897500916,false,false,false
2026-02-10T03:07:42.776Z,0,false,-0.11779387897500916,false,false,false
2026-02-10T03:07:43.010Z,0,false,-0.11779387897500916,false,false,false
2026-02-10T03:08:00.513Z,0,false,-0.11779387897500916,false,false,false
2026-02-10T03:08:01.404Z,0,false,-0.11779387897500916,false,false,false
2026-02-10T03:08:32.820Z,0,false,-0.11779387897500916,false,false,false
2026-02-10T03:08:32.878Z,0,false,-0.11779387897500916,false,false,false
2026-02-10T03:08:33.003Z,0,false,-0.11779387897500916,false,false,false
2026-02-10T03:08:49.060Z,,false,0,false,false,false
2026-02-10T03:08:57.529Z,0,false,-0.11779387897500916,false,false,false
2026-02-10T03:09:23.039Z,0,false,-0.11779387897500916,false,false,false
2026-02-10T03:09:23.040Z,0,false,-0.11779387897500916,false,false,false
2026-02-10T03:09:50.922Z,0,false,-0.11779387897500916,false,false,false
2026-02-10T03:09:51.285Z,0,false,-0.11779387897500916,false,false,false
2026-02-10T03:09:51.286Z,0,false,-0.11779387897500916,false,false,false
2026-02-10T03:10:08.765Z,0,false,-0.11779387897500916,false,false,false
2026-02-10T03:10:08.994Z,0,false,-0.11779387897500916,false,false,false
2026-02-10T03:10:31.592Z,0,false,-0.11779387897500916,false,false,false
2026-02-10T03:10:31.640Z,0,false,-0.11779387897500916,false,false,false
2026-02-10T03:13:39.163Z,0,false,-0.11779387897500916,false,false,false
2026-02-10T03:13:47.753Z,0,false,-0.11779387897500916,false,false,false
2026-02-10T03:14:12.232Z,0,false,-0.11779387897500916,false,false,false
2026-02-10T03:14:12.265Z,0,false,-0.11779387897500916,false,false,false
2026-02-10T03:14:29.011Z,0,false,-0.11779387897500916,false,false,false
2026-02-10T03:14:29.671Z,0,false,-0.11779387897500916,false,false,false
2026-02-10T03:20:30.340Z,0,false,-0.11779387897500916,false,false,false
2026-02-10T03:20:31.621Z,0,false,-0.11779387897500916,false,false,false
2026-02-10T03:20:41.693Z,0,false,-0.11779387897500916,false,false,false
2026-02-10T03:22:55.630Z,0,false,-0.11779387897500916,false,false,false
2026-02-10T03:22:55.632Z,0,false,-0.11779387897500916,false,false,false
2026-02-10T03:22:56.942Z,0,false,-0.11779387897500916,false,false,false
2026-02-10T03:23:22.684Z,0,false,-0.11779387897500916,false,false,false
2026-02-10T03:23:22.752Z,0,false,-0.11779387897500916,false,false,false
2026-02-10T03:23:38.260Z,0,false,-0.11779387897500916,false,false,false
2026-02-10T03:23:38.345Z,0,false,-0.11779387897500916,false,false,false
2026-02-10T03:26:34.338Z,0,false,-0.11779387897500916,false,false,false
2026-02-10T03:26:34.402Z,0,false,-0.11779387897500916,false,false,false
2026-02-10T03:27:05.912Z,0,false,-0.11779387897500916,false,false,false
2026-02-10T03:28:11.648Z,0,false,-0.11779387897500916,false,false,false
2026-02-10T03:28:40.194Z,0,false,-0.11779387897500916,false,false,false
2026-02-10T03:28:40.195Z,0,false,-0.11779387897500916,false,false,false
2026-02-10T03:28:40.409Z,0,false,-0.11779387897500916,false,false,false
2026-02-10T12:29:04.791Z,,false,0,false,false,false
2026-02-10T12:29:04.873Z,,false,0,false,false,false
2026-02-10T12:29:04.893Z,,false,0,false,false,false
2026-02-10T12:29:04.911Z,,false,0,false,false,false
2026-02-10T12:29:10.116Z,0,false,-0.11779387897500916,false,false,false
2026-02-10T12:37:08.313Z,0,false,-0.11779387897500916,false,false,false
2026-02-10T12:37:08.324Z,0,false,-0.11779387897500916,false,false,false
2026-02-10T12:37:08.621Z,0,false,-0.11779387897500916,false,false,false
2026-02-10T12:40:46.604Z,0,false,-0.11779387897500916,false,false,false
2026-02-10T12:42:02.531Z,0,false,-0.11779387897500916,false,false,false
2026-02-10T12:42:02.601Z,0,false,-0.11779387897500916,false,false,false
2026-02-10T12:42:02.907Z,0,false,-0.11779387897500916,false,false,false
2026-02-10T12:42:30.731Z,0,false,-0.11779387897500916,false,false,false
2026-02-10T12:42:30.765Z,0,false,-0.11779387897500916,false,false,false
2026-02-10T12:42:30.947Z,0,false,-0.11779387897500916,false,false,false
2026-02-10T12:42:59.418Z,0,false,-0.11779387897500916,false,false,false
2026-02-10T12:42:59.507Z,0,false,-0.11779387897500916,false,false,false
2026-02-10T12:43:23.398Z,0,false,-0.11779387897500916,false,false,false
2026-02-10T12:43:23.514Z,0,false,-0.11779387897500916,false,false,false
2026-02-10T12:43:23.518Z,0,false,-0.11779387897500916,false,false,false
2026-02-10T12:47:21.126Z,0,false,-0.11779387897500916,false,false,false
2026-02-10T12:47:29.552Z,0,false,-0.11779387897500916,false,false,false
2026-02-10T12:47:39.577Z,0,false,-0.11779387897500916,false,false,false
2026-02-10T12:47:49.622Z,0,false,-0.11779387897500916,false,false,false
2026-02-10T12:47:59.585Z,0,false,-0.11779387897500916,false,false,false
2026-02-10T12:48:09.576Z,0,false,-0.11779387897500916,false,false,false
2026-02-10T12:48:19.587Z,0,false,-0.11779387897500916,false,false,false
2026-02-10T12:48:29.657Z,0.079412,true,3.946374293678335,true,true,true
2026-02-10T12:48:39.675Z,0.021849,true,1.0003999759121984,false,true,false
2026-02-10T12:48:49.625Z,0,false,-0.11779387897500916,false,false,false
2026-02-10T12:48:59.661Z,0,false,-0.11779387897500916,false,false,false
2026-02-10T12:49:09.632Z,0,false,-0.11779387897500916,false,false,false
2026-02-10T12:49:19.725Z,0,false,-0.11779387897500916,false,false,false
2026-02-10T12:49:29.660Z,0,false,-0.11779387897500916,false,false,false
2026-02-10T12:49:39.689Z,0,false,-0.11779387897500916,false,false,false
2026-02-10T12:49:49.670Z,0,false,-0.11779387897500916,false,false,false
2026-02-10T12:49:59.759Z,0,false,-0.11779387897500916,false,false,false
2026-02-10T12:50:09.705Z,0,false,-0.11779387897500916,false,false,false
2026-02-10T12:50:20.749Z,0,false,-0.11779387897500916,false,false,false
2026-02-10T12:50:29.778Z,0,false,-0.11779387897500916,false,false,false
2026-02-10T12:50:39.718Z,0,false,-0.11779387897500916,false,false,false
2026-02-10T12:50:49.787Z,0,false,-0.11779387897500916,false,false,false
2026-02-10T12:50:59.754Z,0,false,-0.11779387897500916,false,false,false
2026-02-10T12:51:09.813Z,0,false,-0.11779387897500916,false,false,false
2026-02-10T12:51:19.755Z,0,false,-0.11779387897500916,false,false,false
2026-02-10T12:51:29.822Z,0,false,-0.11779387897500916,false,false,false
2026-02-10T12:51:39.820Z,0,false,-0.11779387897500916,false,false,false
2026-02-10T12:51:49.849Z,0,false,-0.11779387897500916,false,false,false
2026-02-10T12:52:26.125Z,0,false,-0.11779387897500916,false,false,false
2026-02-10T12:55:58.550Z,0,false,-0.11779387897500916,false,false,false
2026-02-10T12:56:07.281Z,0,false,-0.11779387897500916,false,false,false
2026-02-10T12:56:18.324Z,0,false,-0.11779387897500916,false,false,false
2026-02-10T12:56:27.414Z,0,false,-0.11779387897500916,false,false,false
2026-02-10T12:56:37.445Z,0,false,-0.11779387897500916,false,false,false
2026-02-10T12:56:47.518Z,0.196516,true,9.939553532211518,true,true,true
2026-02-10T12:56:57.568Z,0,false,-0.11779387897500916,false,false,false
2026-02-10T12:57:07.624Z,0,false,-0.11779387897500916,false,false,false
2026-02-10T12:57:18.758Z,0,false,-0.11779387897500916,false,false,false
2026-02-10T12:57:27.761Z,0,false,-0.11779387897500916,false,false,false
2026-02-10T12:57:37.768Z,0,false,-0.11779387897500916,false,false,false
2026-02-10T12:58:01.570Z,0,false,-0.11779387897500916,false,false,false
2026-02-10T12:58:01.612Z,0,false,-0.11779387897500916,false,false,false
2026-02-10T12:58:07.924Z,0,false,-0.11779387897500916,false,false,false
2026-02-10T12:58:30.090Z,0,false,-0.11779387897500916,false,false,false
2026-02-10T12:58:30.141Z,0,false,-0.11779387897500916,false,false,false
2026-02-10T12:58:38.129Z,0,false,-0.11779387897500916,false,false,false
2026-02-10T12:58:48.066Z,0,false,-0.11779387897500916,false,false,false
2026-02-10T12:58:59.001Z,0,false,-0.11779387897500916,false,false,false
2026-02-10T12:59:24.999Z,0,false,-0.11779387897500916,false,false,false
2026-02-10T12:59:25.001Z,0,false,-0.11779387897500916,false,false,false
2026-02-10T12:59:28.251Z,0,false,-0.11779387897500916,false,false,false
2026-02-10T13:00:25.505Z,0,false,-0.11779387897500916,false,false,false
2026-02-10T13:00:25.505Z,0,false,-0.11779387897500916,false,false,false
2026-02-10T13:00:25.784Z,0,false,-0.11779387897500916,false,false,false
2026-02-10T13:00:31.541Z,0,false,-0.11779387897500916,false,false,false
2026-02-10T13:00:43.218Z,0,false,-0.11779387897500916,false,false,false
2026-02-10T13:03:24.492Z,0,false,-0.11779387897500916,false,false,false
2026-02-10T13:03:49.451Z,,false,0,false,false,false
2026-02-10T13:03:49.548Z,,false,0,false,false,false
2026-02-10T13:03:49.562Z,,false,0,false,false,false
2026-02-10T13:03:49.564Z,,false,0,false,false,false
2026-02-10T13:09:09.989Z,0,false,-0.11779387897500916,false,false,false
2026-02-10T13:09:35.025Z,0,false,-0.11779387897500916,false,false,false
2026-02-10T13:09:35.076Z,0,false,-0.11779387897500916,false,false,false
2026-02-10T13:09:39.158Z,0,false,-0.11779387897500916,false,false,false
2026-02-10T14:14:50.974Z,0,false,-0.11779387897500916,false,false,false
2026-02-10T14:16:01.380Z,0,false,-0.11779387897500916,false,false,false
2026-02-10T14:19:39.726Z,0,false,-0.11779387897500916,false,false,false
2026-02-10T14:22:58.636Z,0.004845,true,0.1301648022885965,false,true,false
2026-02-10T14:24:38.974Z,0.266479,true,13.52013830357285,true,true,true
2026-02-10T14:26:54.788Z,0,false,-0.11779387897500916,false,false,false
2026-02-10T14:28:10.414Z,0,false,-0.11779387897500916,false,false,false
2026-02-10T14:29:29.674Z,0,false,-0.11779387897500916,false,false,false
2026-02-10T14:31:09.640Z,0,false,-0.11779387897500916,false,false,false
2026-02-10T14:32:45.450Z,0,false,-0.11779387897500916,false,false,false
2026-02-10T14:34:44.634Z,0,false,-0.11779387897500916,false,false,false
2026-02-10T14:35:55.034Z,0,false,-0.11779387897500916,false,false,false
2026-02-10T14:37:10.386Z,0,false,-0.11779387897500916,false,false,false
2026-02-10T14:39:11.379Z,0,false,-0.11779387897500916,false,false,false
2026-02-10T14:40:55.498Z,0,false,-0.11779387897500916,false,false,false
2026-02-10T14:42:31.034Z,0.17205,true,8.687426164658294,true,true,false
2026-02-10T14:45:05.808Z,0,false,-0.11779387897500916,false,false,false
2026-02-10T14:47:16.685Z,0,false,-0.11779387897500916,false,false,false
2026-02-10T14:48:51.855Z,0,false,-0.11779387897500916,false,false,false
2026-02-10T14:51:17.980Z,0,false,-0.11779387897500916,false,false,false
2026-02-10T14:52:52.599Z,0,false,-0.11779387897500916,false,false,false
2026-02-10T14:55:05.455Z,0,false,-0.11779387897500916,false,false,false
2026-02-10T14:56:35.841Z,0,false,-0.11779387897500916,false,false,false
2026-02-10T14:58:32.303Z,0,false,-0.11779387897500916,false,false,false
2026-02-10T15:00:13.845Z,0,false,-0.11779387897500916,false,false,false
2026-02-10T15:01:32.178Z,0,false,-0.11779387897500916,false,false,false
2026-02-10T23:10:16.954Z,0,false,-0.11779387897500916,false,false,false
2026-02-10T23:11:06.932Z,0,false,-0.11779387897500916,false,false,false
2026-02-10T23:11:56.570Z,0,false,-0.11779387897500916,false,false,false
2026-02-10T23:12:46.585Z,0,false,-0.11779387897500916,false,false,false
2026-02-10T23:13:36.728Z,0,false,-0.11779387897500916,false,false,false
2026-02-10T23:14:27.198Z,0,false,-0.11779387897500916,false,false,false
2026-02-10T23:15:16.666Z,0,false,-0.11779387897500916,false,false,false
2026-02-10T23:16:06.638Z,0,false,-0.11779387897500916,false,false,false
2026-02-10T23:16:56.047Z,0,false,-0.11779387897500916,false,false,false
2026-02-10T23:18:11.113Z,0,false,-0.11779387897500916,false,false,false
2026-02-10T23:19:01.937Z,0,false,-0.11779387897500916,false,false,false
2026-02-10T23:19:51.895Z,0,false,-0.11779387897500916,false,false,false
2026-02-10T23:20:41.135Z,0,false,-0.11779387897500916,false,false,false
2026-02-10T23:21:32.226Z,0,false,-0.11779387897500916,false,false,false
2026-02-10T23:22:21.213Z,0,false,-0.11779387897500916,false,false,false
2026-02-10T23:23:12.163Z,0,false,-0.11779387897500916,false,false,false
2026-02-10T23:24:02.184Z,0,false,-0.11779387897500916,false,false,false
2026-02-10T23:24:51.261Z,0,false,-0.11779387897500916,false,false,false
2026-02-10T23:25:42.073Z,0,false,-0.11779387897500916,false,false,false
2026-02-10T23:26:32.105Z,0,false,-0.11779387897500916,false,false,false
2026-02-10T23:27:21.362Z,0,false,-0.11779387897500916,false,false,false
2026-02-10T23:28:12.171Z,0,false,-0.11779387897500916,false,false,false
2026-02-10T23:29:16.501Z,0,false,-0.11779387897500916,false,false,false
2026-02-10T23:30:06.454Z,0,false,-0.11779387897500916,false,false,false
2026-02-10T23:30:57.496Z,0,false,-0.11779387897500916,false,false,false
2026-02-10T23:31:47.393Z,0,false,-0.11779387897500916,false,false,false
2026-02-10T23:32:37.525Z,0,false,-0.11779387897500916,false,false,false
2026-02-10T23:33:26.744Z,0,false,-0.11779387897500916,false,false,false
2026-02-10T23:34:17.572Z,0,false,-0.11779387897500916,false,false,false
2026-02-10T23:35:07.503Z,0,false,-0.11779387897500916,false,false,false
2026-02-10T23:35:57.513Z,0,false,-0.11779387897500916,false,false,false
2026-02-10T23:36:47.789Z,0,false,-0.11779387897500916,false,false,false
2026-02-10T23:37:37.712Z,0,false,-0.11779387897500916,false,false,false
2026-02-10T23:38:27.569Z,0,false,-0.11779387897500916,false,false,false
2026-02-10T23:39:18.174Z,0,false,-0.11779387897500916,false,false,false
2026-02-10T23:40:08.112Z,0,false,-0.11779387897500916,false,false,false
2026-02-10T23:40:57.903Z,0,false,-0.11779387897500916,false,false,false
2026-02-10T23:41:47.971Z,0,false,-0.11779387897500916,false,false,false
2026-02-10T23:42:37.896Z,0,false,-0.11779387897500916,false,false,false
2026-02-10T23:43:27.982Z,0,false,-0.11779387897500916,false,false,false
2026-02-10T23:44:18.095Z,0,false,-0.11779387897500916,false,false,false
2026-02-10T23:45:08.415Z,0,false,-0.11779387897500916,false,false,false
2026-02-10T23:45:58.160Z,0,false,-0.11779387897500916,false,false,false
2026-02-10T23:46:47.871Z,0,false,-0.11779387897500916,false,false,false
2026-02-10T23:47:38.402Z,0,false,-0.11779387897500916,false,false,false
2026-02-10T23:48:28.192Z,0,false,-0.11779387897500916,false,false,false
2026-02-10T23:49:18.357Z,0,false,-0.11779387897500916,false,false,false
2026-02-10T23:50:08.362Z,0,false,-0.11779387897500916,false,false,false
2026-02-10T23:50:58.328Z,0,false,-0.11779387897500916,false,false,false
2026-02-10T23:51:48.269Z,0,false,-0.11779387897500916,false,false,false
2026-02-10T23:52:38.875Z,0,false,-0.11779387897500916,false,false,false
2026-02-10T23:53:33.947Z,0,false,-0.11779387897500916,false,false,false
2026-02-10T23:54:18.346Z,0,false,-0.11779387897500916,false,false,false
2026-02-10T23:55:08.698Z,0,false,-0.11779387897500916,false,false,false
2026-02-10T23:55:58.567Z,0,false,-0.11779387897500916,false,false,false
2026-02-10T23:56:48.847Z,0,false,-0.11779387897500916,false,false,false
2026-02-10T23:57:38.663Z,0,false,-0.11779387897500916,false,false,false
2026-02-10T23:58:28.368Z,0,false,-0.11779387897500916,false,false,false
2026-02-10T23:59:19.112Z,0,false,-0.11779387897500916,false,false,false
2026-02-11T00:00:08.751Z,0,false,-0.11779387897500916,false,false,false
2026-02-11T00:00:58.692Z,0,false,-0.11779387897500916,false,false,false
2026-02-11T00:01:48.801Z,0,false,-0.11779387897500916,false,false,false
2026-02-11T00:02:39.195Z,0,false,-0.11779387897500916,false,false,false
2026-02-11T00:03:28.666Z,0,false,-0.11779387897500916,false,false,false
2026-02-11T00:04:19.151Z,0,false,-0.11779387897500916,false,false,false
2026-02-11T00:05:09.104Z,0,false,-0.11779387897500916,false,false,false
2026-02-11T00:05:58.976Z,0,false,-0.11779387897500916,false,false,false
2026-02-11T00:06:49.930Z,0,false,-0.11779387897500916,false,false,false
2026-02-11T00:07:39.390Z,0,false,-0.11779387897500916,false,false,false
2026-02-11T00:08:29.884Z,0,false,-0.11779387897500916,false,false,false
2026-02-11T00:09:18.974Z,0,false,-0.11779387897500916,false,false,false
2026-02-11T00:10:09.506Z,0,false,-0.11779387897500916,false,false,false
2026-02-11T00:10:59.522Z,0,false,-0.11779387897500916,false,false,false
2026-02-11T00:11:49.702Z,0,false,-0.11779387897500916,false,false,false
2026-02-11T00:12:39.736Z,0,false,-0.11779387897500916,false,false,false
2026-02-11T00:13:30.080Z,0,false,-0.11779387897500916,false,false,false
2026-02-11T00:14:19.535Z,0,false,-0.11779387897500916,false,false,false
2026-02-11T00:15:09.577Z,0,false,-0.11779387897500916,false,false,false
2026-02-11T00:15:59.499Z,0,false,-0.11779387897500916,false,false,false
2026-02-11T00:16:49.677Z,0,false,-0.11779387897500916,false,false,false
2026-02-11T00:17:39.665Z,0,false,-0.11779387897500916,false,false,false
2026-02-11T00:18:29.592Z,0,false,-0.11779387897500916,false,false,false
2026-02-11T00:19:19.592Z,0,false,-0.11779387897500916,false,false,false
2026-02-11T00:20:10.506Z,0,false,-0.11779387897500916,false,false,false
2026-02-11T00:20:59.890Z,0,false,-0.11779387897500916,false,false,false
2026-02-11T00:21:50.050Z,0,false,-0.11779387897500916,false,false,false
2026-02-11T00:22:39.803Z,0,false,-0.11779387897500916,false,false,false
2026-02-11T00:23:30.178Z,0,false,-0.11779387897500916,false,false,false
2026-02-11T00:24:49.940Z,0,false,-0.11779387897500916,false,false,false
2026-02-11T00:25:38.932Z,0,false,-0.11779387897500916,false,false,false
2026-02-11T00:26:30.117Z,0,false,-0.11779387897500916,false,false,false
2026-02-11T00:27:19.720Z,0,false,-0.11779387897500916,false,false,false
2026-02-11T00:28:09.931Z,0,false,-0.11779387897500916,false,false,false
2026-02-11T00:28:59.002Z,0,false,-0.11779387897500916,false,false,false
2026-02-11T00:29:50.279Z,0,false,-0.11779387897500916,false,false,false
2026-02-11T00:30:56.869Z,0,false,-0.11779387897500916,false,false,false
2026-02-11T00:31:33.436Z,0,false,-0.11779387897500916,false,false,false
2026-02-11T00:32:19.239Z,0,false,-0.11779387897500916,false,false,false
2026-02-11T00:33:10.045Z,0,false,-0.11779387897500916,false,false,false
2026-02-11T00:35:02.101Z,0,false,-0.11779387897500916,false,false,false
2026-02-11T00:35:40.395Z,0,false,-0.11779387897500916,false,false,false
2026-02-11T00:36:29.329Z,0,false,-0.11779387897500916,false,false,false
2026-02-11T00:37:19.442Z,0,false,-0.11779387897500916,false,false,false
2026-02-11T00:38:09.423Z,0,false,-0.11779387897500916,false,false,false
2026-02-11T00:38:59.984Z,0,false,-0.11779387897500916,false,false,false
2026-02-11T00:39:50.139Z,0,false,-0.11779387897500916,false,false,false
2026-02-11T00:40:50.619Z,0,false,-0.11779387897500916,false,false,false
2026-02-11T00:41:40.386Z,0,false,-0.11779387897500916,false,false,false
2026-02-11T00:42:30.774Z,0,false,-0.11779387897500916,false,false,false
2026-02-11T00:43:19.734Z,0,false,-0.11779387897500916,false,false,false
2026-02-11T00:44:21.360Z,0,false,-0.11779387897500916,false,false,false
2026-02-11T00:45:10.611Z,0,false,-0.11779387897500916,false,false,false
2026-02-11T00:46:00.571Z,0,false,-0.11779387897500916,false,false,false
2026-02-11T00:46:50.607Z,0,false,-0.11779387897500916,false,false,false
2026-02-11T00:47:40.443Z,0,false,-0.11779387897500916,false,false,false
2026-02-11T00:48:31.119Z,0,false,-0.11779387897500916,false,false,false
2026-02-11T00:49:20.898Z,0,false,-0.11779387897500916,false,false,false
2026-02-11T00:50:10.617Z,0,false,-0.11779387897500916,false,false,false
2026-02-11T00:51:00.766Z,0,false,-0.11779387897500916,false,false,false
2026-02-11T00:51:51.102Z,0,false,-0.11779387897500916,false,false,false
2026-02-11T00:52:40.817Z,0,false,-0.11779387897500916,false,false,false
2026-02-11T00:53:30.684Z,0,false,-0.11779387897500916,false,false,false
2026-02-11T00:54:20.109Z,0,false,-0.11779387897500916,false,false,false
2026-02-11T00:55:11.709Z,0,false,-0.11779387897500916,false,false,false
2026-02-11T00:56:01.090Z,0,false,-0.11779387897500916,false,false,false
2026-02-11T00:56:51.113Z,0,false,-0.11779387897500916,false,false,false
2026-02-11T00:57:41.292Z,0,false,-0.11779387897500916,false,false,false
2026-02-11T00:58:31.154Z,0,false,-0.11779387897500916,false,false,false
2026-02-11T00:59:21.046Z,0,false,-0.11779387897500916,false,false,false
2026-02-11T01:00:11.625Z,0,false,-0.11779387897500916,false,false,false
2026-02-11T01:01:02.129Z,0,false,-0.11779387897500916,false,false,false
2026-02-11T01:01:51.998Z,0,false,-0.11779387897500916,false,false,false
2026-02-11T01:02:41.355Z,0,false,-0.11779387897500916,false,false,false
2026-02-11T01:03:31.593Z,0,false,-0.11779387897500916,false,false,false
2026-02-11T01:04:21.575Z,0,false,-0.11779387897500916,false,false,false
2026-02-11T01:05:11.447Z,0,false,-0.11779387897500916,false,false,false
2026-02-11T01:06:00.640Z,0,false,-0.11779387897500916,false,false,false
2026-02-11T01:06:51.828Z,0,false,-0.11779387897500916,false,false,false
2026-02-11T01:07:41.785Z,0,false,-0.11779387897500916,false,false,false
2026-02-11T01:08:31.753Z,0,false,-0.11779387897500916,false,false,false
2026-02-11T01:09:21.737Z,0,false,-0.11779387897500916,false,false,false
2026-02-11T01:10:11.686Z,0,false,-0.11779387897500916,false,false,false
2026-02-11T01:11:01.600Z,0,false,-0.11779387897500916,false,false,false
2026-02-11T01:11:52.169Z,0,false,-0.11779387897500916,false,false,false
2026-02-11T01:12:42.246Z,0,false,-0.11779387897500916,false,false,false
2026-02-11T01:13:32.122Z,0,false,-0.11779387897500916,false,false,false
2026-02-11T01:14:21.930Z,0,false,-0.11779387897500916,false,false,false
2026-02-11T01:15:12.171Z,0,false,-0.11779387897500916,false,false,false
2026-02-11T01:16:01.874Z,0,false,-0.11779387897500916,false,false,false
2026-02-11T01:16:52.362Z,0,false,-0.11779387897500916,false,false,false
2026-02-11T01:17:41.981Z,0,false,-0.11779387897500916,false,false,false
2026-02-11T01:18:32.399Z,0,false,-0.11779387897500916,false,false,false
2026-02-11T01:19:22.014Z,0,false,-0.11779387897500916,false,false,false
2026-02-11T01:20:12.496Z,0,false,-0.11779387897500916,false,false,false
2026-02-11T01:21:02.189Z,0,false,-0.11779387897500916,false,false,false
2026-02-11T01:21:51.788Z,0,false,-0.11779387897500916,false,false,false
2026-02-11T01:22:43.095Z,0,false,-0.11779387897500916,false,false,false
2026-02-11T01:23:32.080Z,0,false,-0.11779387897500916,false,false,false
2026-02-11T01:24:22.972Z,0,false,-0.11779387897500916,false,false,false
2026-02-11T01:25:12.294Z,0,false,-0.11779387897500916,false,false,false
2026-02-11T01:26:02.770Z,0,false,-0.11779387897500916,false,false,false
2026-02-11T01:26:52.072Z,0,false,-0.11779387897500916,false,false,false
2026-02-11T01:27:42.431Z,0,false,-0.11779387897500916,false,false,false
2026-02-11T01:28:32.756Z,0,false,-0.11779387897500916,false,false,false
2026-02-11T01:29:22.853Z,0,false,-0.11779387897500916,false,false,false
2026-02-11T01:30:13.567Z,0,false,-0.11779387897500916,false,false,false
2026-02-11T01:31:01.548Z,0,false,-0.11779387897500916,false,false,false
2026-02-11T01:34:39.036Z,0.071531,true,3.5430384078086803,true,true,true
2026-02-11T01:37:34.592Z,0,false,-0.11779387897500916,false,false,false
2026-02-11T01:39:51.026Z,0,false,-0.11779387897500916,false,false,false
2026-02-11T01:41:03.175Z,0,false,-0.11779387897500916,false,false,false
2026-02-11T01:43:09.342Z,0,false,-0.11779387897500916,false,false,false
2026-02-11T01:45:39.636Z,0,false,-0.11779387897500916,false,false,false
2026-02-11T01:47:30.131Z,0,false,-0.11779387897500916,false,false,false
2026-02-11T01:48:57.854Z,0,false,-0.11779387897500916,false,false,false
2026-02-11T01:51:08.551Z,0,false,-0.11779387897500916,false,false,false
2026-02-11T01:52:18.204Z,0,false,-0.11779387897500916,false,false,false
2026-02-11T01:53:06.976Z,0,false,-0.11779387897500916,false,false,false
2026-02-11T01:54:23.446Z,0,false,-0.11779387897500916,false,false,false
2026-02-11T01:55:59.278Z,0,false,-0.11779387897500916,false,false,false
2026-02-11T01:56:54.682Z,0,false,-0.11779387897500916,false,false,false
2026-02-11T01:58:38.707Z,0,false,-0.11779387897500916,false,false,false
2026-02-11T02:04:32.781Z,0.2267,true,11.484318204091947,true,true,true
2026-02-11T02:05:22.826Z,0,false,-0.11779387897500916,false,false,false
2026-02-11T02:06:26.005Z,0,false,-0.11779387897500916,false,false,false
2026-02-11T02:07:03.101Z,0,false,-0.11779387897500916,false,false,false
2026-02-11T02:07:53.438Z,0,false,-0.11779387897500916,false,false,false
2026-02-11T02:10:23.552Z,0,false,-0.11779387897500916,false,false,false
2026-02-11T02:12:03.763Z,0,false,-0.11779387897500916,false,false,false
2026-02-11T02:13:57.946Z,0,false,-0.11779387897500916,false,false,false
2026-02-11T02:17:18.690Z,0,false,-0.11779387897500916,false,false,false
2026-02-11T02:19:23.118Z,0,false,-0.11779387897500916,false,false,false
2026-02-11T02:21:52.311Z,0,false,-0.11779387897500916,false,false,false
2026-02-11T02:23:08.914Z,0,false,-0.11779387897500916,false,false,false
2026-02-11T02:25:13.950Z,0,false,-0.11779387897500916,false,false,false
2026-02-11T02:27:15.155Z,0,false,-0.11779387897500916,false,false,false
2026-02-11T02:28:54.967Z,0,false,-0.11779387897500916,false,false,false
2026-02-11T02:30:34.834Z,0,false,-0.11779387897500916,false,false,false
2026-02-11T02:31:24.645Z,0,false,-0.11779387897500916,false,false,false
2026-02-11T02:32:14.825Z,0,false,-0.11779387897500916,false,false,false
2026-02-11T02:32:54.750Z,0,false,-0.11779387897500916,false,false,false
2026-02-11T02:33:44.523Z,0,false,-0.11779387897500916,false,false,false
2026-02-11T02:36:17.609Z,0,false,-0.11779387897500916,false,false,false
2026-02-11T02:37:33.047Z,0,false,-0.11779387897500916,false,false,false
2026-02-11T15:04:01.122Z,0.016969,true,0.7506500554650579,false,true,false
2026-02-11T15:05:11.498Z,0.016969,true,0.7506500554650579,false,true,false
2026-02-11T15:06:20.990Z,0.016969,true,0.7506500554650579,false,true,false
2026-02-11T15:07:10.679Z,0.215026,true,10.886863168989503,true,true,true
2026-02-11T15:08:01.032Z,0,false,-0.11779387897500916,false,false,false
2026-02-11T15:09:08.286Z,0,false,-0.11779387897500916,false,false,false
2026-02-11T15:09:54.915Z,0,false,-0.11779387897500916,false,false,false
2026-02-11T15:10:31.353Z,0,false,-0.11779387897500916,false,false,false
2026-02-11T15:11:47.109Z,0,false,-0.11779387897500916,false,false,false
2026-02-11T15:12:36.343Z,0,false,-0.11779387897500916,false,false,false
2026-02-11T15:13:26.531Z,0,false,-0.11779387897500916,false,false,false
2026-02-11T15:14:16.991Z,0,false,-0.11779387897500916,false,false,false
2026-02-11T15:15:06.708Z,0,false,-0.11779387897500916,false,false,false
2026-02-11T15:15:56.883Z,0,false,-0.11779387897500916,false,false,false
2026-02-11T15:17:17.055Z,0,false,-0.11779387897500916,false,false,false
2026-02-11T15:18:07.402Z,0,false,-0.11779387897500916,false,false,false
2026-02-11T15:18:57.836Z,0,false,-0.11779387897500916,false,false,false
2026-02-11T15:20:21.468Z,0,false,-0.11779387897500916,false,false,false
2026-02-11T15:21:02.257Z,0,false,-0.11779387897500916,false,false,false
2026-02-11T15:21:52.102Z,0,false,-0.11779387897500916,false,false,false
2026-02-11T15:23:06.417Z,0,false,-0.11779387897500916,false,false,false
2026-02-11T15:24:30.818Z,0,false,-0.11779387897500916,false,false,false
2026-02-11T15:25:20.897Z,0,false,-0.11779387897500916,false,false,false
2026-02-11T15:26:11.146Z,0,false,-0.11779387897500916,false,false,false
2026-02-11T15:27:01.054Z,0,false,-0.11779387897500916,false,false,false
2026-02-11T15:27:50.888Z,0,false,-0.11779387897500916,false,false,false
2026-02-11T15:28:41.549Z,0,false,-0.11779387897500916,false,false,false
2026-02-11T15:29:31.025Z,0,false,-0.11779387897500916,false,false,false
2026-02-11T15:30:21.348Z,0,false,-0.11779387897500916,false,false,false
2026-02-11T15:31:11.422Z,0,false,-0.11779387897500916,false,false,false
2026-02-11T15:32:01.283Z,0,false,-0.11779387897500916,false,false,false
2026-02-11T15:32:51.268Z,0,false,-0.11779387897500916,false,false,false
2026-02-11T15:33:41.261Z,0,false,-0.11779387897500916,false,false,false
2026-02-11T15:34:31.382Z,0,false,-0.11779387897500916,false,false,false
2026-02-11T15:35:21.380Z,0,false,-0.11779387897500916,false,false,false
2026-02-11T15:36:11.438Z,0,false,-0.11779387897500916,false,false,false
2026-02-11T15:37:01.458Z,0,false,-0.11779387897500916,false,false,false
2026-02-11T15:37:51.591Z,0,false,-0.11779387897500916,false,false,false
2026-02-11T15:38:41.506Z,0,false,-0.11779387897500916,false,false,false
2026-02-11T15:39:31.607Z,0,false,-0.11779387897500916,false,false,false
2026-02-11T15:40:22.074Z,0,false,-0.11779387897500916,false,false,false
2026-02-11T15:41:11.584Z,0,false,-0.11779387897500916,false,false,false
2026-02-11T15:42:01.848Z,0,false,-0.11779387897500916,false,false,false
2026-02-11T15:42:51.754Z,0,false,-0.11779387897500916,false,false,false
2026-02-11T15:43:41.860Z,0,false,-0.11779387897500916,false,false,false
2026-02-11T15:44:31.890Z,0,false,-0.11779387897500916,false,false,false
2026-02-11T15:45:22.031Z,0,false,-0.11779387897500916,false,false,false
2026-02-11T15:46:11.963Z,0,false,-0.11779387897500916,false,false,false
2026-02-11T15:47:01.826Z,0,false,-0.11779387897500916,false,false,false
2026-02-11T15:47:52.131Z,0,false,-0.11779387897500916,false,false,false
2026-02-11T15:48:41.857Z,0,false,-0.11779387897500916,false,false,false
2026-02-11T15:49:32.176Z,0,false,-0.11779387897500916,false,false,false
2026-02-11T15:50:21.874Z,0,false,-0.11779387897500916,false,false,false
2026-02-11T15:51:12.215Z,0,false,-0.11779387897500916,false,false,false
2026-02-11T15:52:02.577Z,0,false,-0.11779387897500916,false,false,false
2026-02-11T15:52:52.350Z,0,false,-0.11779387897500916,false,false,false
2026-02-11T15:53:42.862Z,0,false,-0.11779387897500916,false,false,false
2026-02-11T15:54:32.475Z,0,false,-0.11779387897500916,false,false,false
2026-02-11T15:55:22.636Z,0,false,-0.11779387897500916,false,false,false
2026-02-11T15:56:12.314Z,0,false,-0.11779387897500916,false,false,false
2026-02-11T15:57:02.580Z,0,false,-0.11779387897500916,false,false,false
2026-02-11T15:57:52.528Z,0,false,-0.11779387897500916,false,false,false
2026-02-11T15:58:42.583Z,0,false,-0.11779387897500916,false,false,false
2026-02-11T15:59:38.075Z,0,false,-0.11779387897500916,false,false,false
2026-02-11T17:59:22.395Z,0,false,-0.11779387897500916,false,false,false
2026-02-11T18:00:13.098Z,0,false,-0.11779387897500916,false,false,false
2026-02-11T18:01:02.969Z,0,false,-0.11779387897500916,false,false,false
2026-02-11T18:01:52.523Z,0,false,-0.11779387897500916,false,false,false
2026-02-11T18:03:05.634Z,0,false,-0.11779387897500916,false,false,false
2026-02-11T18:03:53.890Z,0,false,-0.11779387897500916,false,false,false
2026-02-11T18:04:43.850Z,0,false,-0.11779387897500916,false,false,false
2026-02-11T18:05:33.826Z,0,false,-0.11779387897500916,false,false,false
2026-02-11T18:06:24.331Z,0,false,-0.11779387897500916,false,false,false
2026-02-11T18:07:20.280Z,0,false,-0.11779387897500916,false,false,false
2026-02-11T18:08:03.971Z,0,false,-0.11779387897500916,false,false,false
2026-02-11T18:08:53.956Z,0,false,-0.11779387897500916,false,false,false
2026-02-11T18:09:49.291Z,0,false,-0.11779387897500916,false,false,false
2026-02-11T18:10:47.839Z,0,false,-0.11779387897500916,false,false,false
2026-02-11T18:11:23.843Z,0,false,-0.11779387897500916,false,false,false
2026-02-11T18:12:14.440Z,0,false,-0.11779387897500916,false,false,false
2026-02-11T18:13:04.551Z,0,false,-0.11779387897500916,false,false,false
2026-02-11T18:13:54.227Z,0,false,-0.11779387897500916,false,false,false
2026-02-11T18:14:50.483Z,0,false,-0.11779387897500916,false,false,false
2026-02-11T18:15:34.432Z,0,false,-0.11779387897500916,false,false,false
2026-02-11T18:16:49.562Z,0,false,-0.11779387897500916,false,false,false
2026-02-11T18:17:39.473Z,0,false,-0.11779387897500916,false,false,false
2026-02-11T18:18:30.039Z,0,false,-0.11779387897500916,false,false,false
2026-02-11T18:19:19.603Z,0,false,-0.11779387897500916,false,false,false
2026-02-11T18:20:09.602Z,0,false,-0.11779387897500916,false,false,false
2026-02-11T18:20:59.498Z,0,false,-0.11779387897500916,false,false,false
2026-02-11T18:21:54.266Z,0,false,-0.11779387897500916,false,false,false
2026-02-11T18:22:39.815Z,0,false,-0.11779387897500916,false,false,false
2026-02-11T18:23:50.469Z,0,false,-0.11779387897500916,false,false,false
2026-02-11T18:24:40.206Z,0,false,-0.11779387897500916,false,false,false
2026-02-11T18:25:30.506Z,0,false,-0.11779387897500916,false,false,false
2026-02-11T18:26:35.632Z,0,false,-0.11779387897500916,false,false,false
2026-02-11T18:27:31.032Z,0,false,-0.11779387897500916,false,false,false
2026-02-11T18:28:15.451Z,0,false,-0.11779387897500916,false,false,false
2026-02-11T18:29:35.178Z,0,false,-0.11779387897500916,false,false,false
2026-02-11T18:30:45.775Z,0,false,-0.11779387897500916,false,false,false
2026-02-11T18:31:35.422Z,0,false,-0.11779387897500916,false,false,false
2026-02-11T18:32:26.001Z,0,false,-0.11779387897500916,false,false,false
2026-02-11T18:33:16.270Z,0,false,-0.11779387897500916,false,false,false
2026-02-11T18:34:05.526Z,0,false,-0.11779387897500916,false,false,false
2026-02-11T18:34:55.958Z,0,false,-0.11779387897500916,false,false,false
2026-02-11T18:35:44.913Z,0,false,-0.11779387897500916,false,false,false
2026-02-11T18:36:36.209Z,0,false,-0.11779387897500916,false,false,false
2026-02-11T18:37:25.683Z,0,false,-0.11779387897500916,false,false,false
2026-02-11T18:38:16.141Z,0,false,-0.11779387897500916,false,false,false
2026-02-11T18:39:05.005Z,0,false,-0.11779387897500916,false,false,false
2026-02-11T18:39:55.868Z,0,false,-0.11779387897500916,false,false,false
2026-02-11T18:40:46.552Z,0,false,-0.11779387897500916,false,false,false
2026-02-11T18:41:36.037Z,0,false,-0.11779387897500916,false,false,false
2026-02-11T18:42:25.308Z,0,false,-0.11779387897500916,false,false,false
2026-02-11T18:43:16.216Z,0,false,-0.11779387897500916,false,false,false
2026-02-11T18:44:06.796Z,0,false,-0.11779387897500916,false,false,false
2026-02-11T18:44:56.411Z,0,false,-0.11779387897500916,false,false,false
2026-02-11T18:45:46.458Z,0,false,-0.11779387897500916,false,false,false
2026-02-11T18:46:36.371Z,0,false,-0.11779387897500916,false,false,false
2026-02-11T18:47:26.449Z,0,false,-0.11779387897500916,false,false,false
2026-02-11T18:48:17.523Z,0,false,-0.11779387897500916,false,false,false
2026-02-11T18:49:06.795Z,0,false,-0.11779387897500916,false,false,false
2026-02-11T18:49:58.893Z,0,false,-0.11779387897500916,false,false,false
2026-02-11T18:50:46.846Z,0,false,-0.11779387897500916,false,false,false
2026-02-11T18:51:35.840Z,0,false,-0.11779387897500916,false,false,false
2026-02-11T18:52:26.928Z,0,false,-0.11779387897500916,false,false,false
2026-02-11T18:53:16.811Z,0,false,-0.11779387897500916,false,false,false
2026-02-11T18:54:06.731Z,0,false,-0.11779387897500916,false,false,false
2026-02-11T18:54:57.279Z,0,false,-0.11779387897500916,false,false,false
2026-02-11T18:55:57.712Z,0,false,-0.11779387897500916,false,false,false
2026-02-11T18:56:37.463Z,0,false,-0.11779387897500916,false,false,false
2026-02-11T18:57:42.792Z,0,false,-0.11779387897500916,false,false,false
2026-02-11T18:58:17.085Z,0,false,-0.11779387897500916,false,false,false
2026-02-11T18:59:06.980Z,0,false,-0.11779387897500916,false,false,false
2026-02-11T18:59:57.325Z,0,false,-0.11779387897500916,false,false,false
2026-02-11T19:01:32.105Z,0,false,-0.11779387897500916,false,false,false
2026-02-11T19:02:21.700Z,0,false,-0.11779387897500916,false,false,false
2026-02-11T19:03:17.739Z,0,false,-0.11779387897500916,false,false,false
2026-02-11T19:04:02.035Z,0,false,-0.11779387897500916,false,false,false
2026-02-11T19:04:52.884Z,0,false,-0.11779387897500916,false,false,false
2026-02-11T19:06:06.304Z,0,false,-0.11779387897500916,false,false,false
2026-02-11T19:06:52.679Z,0,false,-0.11779387897500916,false,false,false
2026-02-11T19:08:10.560Z,0,false,-0.11779387897500916,false,false,false
2026-02-11T19:08:56.692Z,0,false,-0.11779387897500916,false,false,false
2026-02-11T19:09:42.390Z,0,false,-0.11779387897500916,false,false,false
2026-02-11T19:10:32.715Z,0,false,-0.11779387897500916,false,false,false
2026-02-11T19:27:16.620Z,0,false,-0.11779387897500916,false,false,false
2026-02-11T19:28:07.965Z,0,false,-0.11779387897500916,false,false,false
2026-02-11T19:28:57.377Z,0,false,-0.11779387897500916,false,false,false
2026-02-11T19:29:47.957Z,0,false,-0.11779387897500916,false,false,false
2026-02-11T19:30:37.868Z,0,false,-0.11779387897500916,false,false,false
2026-02-11T19:31:53.281Z,0,false,-0.11779387897500916,false,false,false
2026-02-11T19:33:33.827Z,0,false,-0.11779387897500916,false,false,false
2026-02-11T19:34:18.892Z,0,false,-0.11779387897500916,false,false,false
2026-02-11T19:35:08.021Z,0,false,-0.11779387897500916,false,false,false
2026-02-11T19:35:57.915Z,0,false,-0.11779387897500916,false,false,false
2026-02-11T19:36:48.261Z,0,false,-0.11779387897500916,false,false,false
2026-02-11T19:37:38.616Z,0,false,-0.11779387897500916,false,false,false
2026-02-11T19:38:28.325Z,0,false,-0.11779387897500916,false,false,false
2026-02-11T19:39:18.381Z,0,false,-0.11779387897500916,false,false,false
2026-02-11T19:40:09.240Z,0,false,-0.11779387897500916,false,false,false
2026-02-11T19:41:24.115Z,0,false,-0.11779387897500916,false,false,false
2026-02-11T19:42:13.655Z,0,false,-0.11779387897500916,false,false,false
2026-02-11T19:43:24.073Z,0,false,-0.11779387897500916,false,false,false
2026-02-11T19:44:16.419Z,0,false,-0.11779387897500916,false,false,false
2026-02-11T19:45:03.498Z,0,false,-0.11779387897500916,false,false,false
2026-02-11T19:45:53.583Z,0,false,-0.11779387897500916,false,false,false
2026-02-11T19:46:43.750Z,0,false,-0.11779387897500916,false,false,false
2026-02-11T19:47:33.877Z,0,false,-0.11779387897500916,false,false,false
2026-02-11T19:48:36.702Z,0,false,-0.11779387897500916,false,false,false
2026-02-11T19:49:16.371Z,0,false,-0.11779387897500916,false,false,false
2026-02-11T19:50:04.356Z,0,false,-0.11779387897500916,false,false,false
2026-02-11T19:50:59.645Z,0,false,-0.11779387897500916,false,false,false
2026-02-11T19:51:44.348Z,0,false,-0.11779387897500916,false,false,false
2026-02-11T19:52:34.029Z,0,false,-0.11779387897500916,false,false,false
2026-02-11T19:53:24.379Z,0,false,-0.11779387897500916,false,false,false
2026-02-11T19:54:20.133Z,0,false,-0.11779387897500916,false,false,false
2026-02-11T19:55:29.357Z,0,false,-0.11779387897500916,false,false,false
2026-02-11T19:56:45.755Z,0,false,-0.11779387897500916,false,false,false
2026-02-11T19:59:09.573Z,0,false,-0.11779387897500916,false,false,false
2026-02-11T20:00:59.579Z,0,false,-0.11779387897500916,false,false,false
2026-02-11T20:03:10.131Z,0,false,-0.11779387897500916,false,false,false
2026-02-11T20:04:49.473Z,0,false,-0.11779387897500916,false,false,false
2026-02-11T20:05:29.775Z,0,false,-0.11779387897500916,false,false,false
2026-02-11T20:06:22.449Z,0,false,-0.11779387897500916,false,false,false
2026-02-11T20:07:09.982Z,0,false,-0.11779387897500916,false,false,false
2026-02-11T20:08:32.418Z,0,false,-0.11779387897500916,false,false,false
2026-02-11T20:09:15.083Z,0,false,-0.11779387897500916,false,false,false
2026-02-11T20:10:18.923Z,0,false,-0.11779387897500916,false,false,false
2026-02-11T20:11:03.262Z,0,false,-0.11779387897500916,false,false,false
2026-02-11T20:11:58.566Z,0,false,-0.11779387897500916,false,false,false
2026-02-11T20:12:35.364Z,0,false,-0.11779387897500916,false,false,false
2026-02-11T20:14:43.837Z,0,false,-0.11779387897500916,false,false,false
2026-02-11T20:15:16.704Z,0,false,-0.11779387897500916,false,false,false
2026-02-11T20:16:32.801Z,0,false,-0.11779387897500916,false,false,false
2026-02-11T20:17:21.123Z,0,false,-0.11779387897500916,false,false,false
2026-02-11T20:18:07.054Z,0,false,-0.11779387897500916,false,false,false
2026-02-11T20:18:56.940Z,0,false,-0.11779387897500916,false,false,false
2026-02-11T20:19:47.215Z,0,false,-0.11779387897500916,false,false,false
2026-02-11T21:53:34.016Z,0,false,-0.11779387897500916,false,false,false
2026-02-11T21:54:23.868Z,0,false,-0.11779387897500916,false,false,false
2026-02-11T21:55:13.416Z,0,false,-0.11779387897500916,false,false,false
2026-02-11T21:56:03.432Z,0,false,-0.11779387897500916,false,false,false
2026-02-11T21:56:53.529Z,0,false,-0.11779387897500916,false,false,false
2026-02-11T21:57:43.539Z,0,false,-0.11779387897500916,false,false,false
2026-02-11T21:58:33.495Z,0,false,-0.11779387897500916,false,false,false
2026-02-11T21:59:23.437Z,0,false,-0.11779387897500916,false,false,false
2026-02-11T22:00:14.007Z,0,false,-0.11779387897500916,false,false,false
2026-02-11T22:01:03.631Z,0,false,-0.11779387897500916,false,false,false
2026-02-11T22:01:53.608Z,0,false,-0.11779387897500916,false,false,false
2026-02-11T22:02:43.797Z,0,false,-0.11779387897500916,false,false,false
2026-02-11T22:03:33.743Z,0,false,-0.11779387897500916,false,false,false
2026-02-11T22:04:23.604Z,0,false,-0.11779387897500916,false,false,false
2026-02-11T22:05:14.035Z,0,false,-0.11779387897500916,false,false,false
2026-02-11T22:06:04.127Z,0,false,-0.11779387897500916,false,false,false
2026-02-11T22:06:53.740Z,0,false,-0.11779387897500916,false,false,false
2026-02-11T22:07:44.209Z,0,false,-0.11779387897500916,false,false,false
2026-02-11T22:08:34.004Z,0,false,-0.11779387897500916,false,false,false
2026-02-11T22:09:23.900Z,0,false,-0.11779387897500916,false,false,false
2026-02-11T22:10:13.937Z,0,false,-0.11779387897500916,false,false,false
2026-02-11T22:11:04.193Z,0,false,-0.11779387897500916,false,false,false
2026-02-11T22:11:54.291Z,0,false,-0.11779387897500916,false,false,false
2026-02-11T22:12:44.151Z,0,false,-0.11779387897500916,false,false,false
2026-02-11T22:13:34.505Z,0,false,-0.11779387897500916,false,false,false
2026-02-11T22:14:24.341Z,0,false,-0.11779387897500916,false,false,false
2026-02-11T22:15:14.851Z,0,false,-0.11779387897500916,false,false,false
2026-02-11T22:16:04.170Z,0,false,-0.11779387897500916,false,false,false
2026-02-11T22:16:54.571Z,0,false,-0.11779387897500916,false,false,false
2026-02-11T22:17:44.582Z,0,false,-0.11779387897500916,false,false,false
2026-02-11T22:18:34.670Z,0,false,-0.11779387897500916,false,false,false
2026-02-11T22:19:24.446Z,0,false,-0.11779387897500916,false,false,false
2026-02-11T22:20:14.398Z,0,false,-0.11779387897500916,false,false,false
2026-02-11T22:21:04.701Z,0,false,-0.11779387897500916,false,false,false
2026-02-11T22:21:54.696Z,0,false,-0.11779387897500916,false,false,false
2026-02-11T22:22:44.791Z,0,false,-0.11779387897500916,false,false,false
2026-02-11T22:23:34.898Z,0,false,-0.11779387897500916,false,false,false
2026-02-11T22:24:24.687Z,0,false,-0.11779387897500916,false,false,false
2026-02-11T22:25:14.840Z,0,false,-0.11779387897500916,false,false,false
2026-02-11T22:26:14.995Z,0,false,-0.11779387897500916,false,false,false
2026-02-11T22:27:04.801Z,0,false,-0.11779387897500916,false,false,false
2026-02-11T22:27:55.464Z,0,false,-0.11779387897500916,false,false,false
2026-02-11T22:28:44.794Z,0,false,-0.11779387897500916,false,false,false
2026-02-11T22:29:35.192Z,0,false,-0.11779387897500916,false,false,false
2026-02-11T22:30:25.006Z,0,false,-0.11779387897500916,false,false,false
2026-02-11T22:31:15.223Z,0,false,-0.11779387897500916,false,false,false
2026-02-11T22:32:04.297Z,0,false,-0.11779387897500916,false,false,false
2026-02-11T22:32:55.295Z,0,false,-0.11779387897500916,false,false,false
2026-02-11T22:33:45.242Z,0,false,-0.11779387897500916,false,false,false
2026-02-11T22:34:35.934Z,0,false,-0.11779387897500916,false,false,false
2026-02-11T22:35:25.424Z,0,false,-0.11779387897500916,false,false,false
2026-02-11T22:36:15.406Z,0,false,-0.11779387897500916,false,false,false
2026-02-11T22:37:05.741Z,0,false,-0.11779387897500916,false,false,false
2026-02-11T22:37:55.702Z,0,false,-0.11779387897500916,false,false,false
2026-02-11T22:38:45.638Z,0,false,-0.11779387897500916,false,false,false
2026-02-11T22:39:35.790Z,0,false,-0.11779387897500916,false,false,false
2026-02-11T22:40:26.022Z,0,false,-0.11779387897500916,false,false,false
2026-02-11T22:41:15.546Z,0,false,-0.11779387897500916,false,false,false
2026-02-11T22:42:05.756Z,0,false,-0.11779387897500916,false,false,false
2026-02-11T22:42:55.603Z,0,false,-0.11779387897500916,false,false,false
2026-02-11T22:43:45.981Z,0,false,-0.11779387897500916,false,false,false
2026-02-11T22:44:35.757Z,0,false,-0.11779387897500916,false,false,false
2026-02-11T22:45:26.183Z,0,false,-0.11779387897500916,false,false,false
2026-02-11T22:46:16.123Z,0,false,-0.11779387897500916,false,false,false
2026-02-11T22:47:06.089Z,0,false,-0.11779387897500916,false,false,false
2026-02-11T22:47:56.776Z,0,false,-0.11779387897500916,false,false,false
2026-02-11T22:48:46.268Z,0,false,-0.11779387897500916,false,false,false
2026-02-11T22:49:36.528Z,0,false,-0.11779387897500916,false,false,false
2026-02-11T22:50:26.183Z,0,false,-0.11779387897500916,false,false,false
2026-02-11T22:51:16.481Z,0,false,-0.11779387897500916,false,false,false
2026-02-11T22:52:06.434Z,0,false,-0.11779387897500916,false,false,false
2026-02-11T22:52:56.465Z,0,false,-0.11779387897500916,false,false,false
2026-02-11T22:53:46.700Z,0,false,-0.11779387897500916,false,false,false
2026-02-11T22:54:36.504Z,0,false,-0.11779387897500916,false,false,false
2026-02-11T22:55:26.737Z,0,false,-0.11779387897500916,false,false,false
2026-02-11T22:56:16.303Z,0,false,-0.11779387897500916,false,false,false
2026-02-11T22:57:06.654Z,0,false,-0.11779387897500916,false,false,false
2026-02-11T22:57:56.727Z,0,false,-0.11779387897500916,false,false,false
2026-02-11T22:58:46.716Z,0,false,-0.11779387897500916,false,false,false
2026-02-11T22:59:36.893Z,0,false,-0.11779387897500916,false,false,false
2026-02-11T23:00:26.822Z,0,false,-0.11779387897500916,false,false,false
2026-02-11T23:01:16.809Z,0,false,-0.11779387897500916,false,false,false
2026-02-11T23:02:06.926Z,0,false,-0.11779387897500916,false,false,false
2026-02-11T23:02:56.988Z,0,false,-0.11779387897500916,false,false,false
2026-02-11T23:03:46.956Z,0,false,-0.11779387897500916,false,false,false
2026-02-11T23:04:37.306Z,0,false,-0.11779387897500916,false,false,false
2026-02-11T23:05:27.006Z,0,false,-0.11779387897500916,false,false,false
2026-02-11T23:06:16.994Z,0,false,-0.11779387897500916,false,false,false
2026-02-11T23:07:07.262Z,0,false,-0.11779387897500916,false,false,false
2026-02-11T23:07:57.334Z,0,false,-0.11779387897500916,false,false,false
2026-02-11T23:08:47.450Z,0,false,-0.11779387897500916,false,false,false
2026-02-11T23:09:37.206Z,0,false,-0.11779387897500916,false,false,false
2026-02-11T23:10:27.009Z,0,false,-0.11779387897500916,false,false,false
2026-02-11T23:11:17.240Z,0,false,-0.11779387897500916,false,false,false
2026-02-11T23:12:07.267Z,0,false,-0.11779387897500916,false,false,false
2026-02-11T23:12:57.833Z,0,false,-0.11779387897500916,false,false,false
2026-02-11T23:13:47.743Z,0,false,-0.11779387897500916,false,false,false
2026-02-11T23:14:37.435Z,0,false,-0.11779387897500916,false,false,false
2026-02-11T23:15:27.234Z,0,false,-0.11779387897500916,false,false,false
2026-02-11T23:16:18.021Z,0,false,-0.11779387897500916,false,false,false
2026-02-11T23:17:07.433Z,0,false,-0.11779387897500916,false,false,false
2026-02-11T23:17:58.005Z,0,false,-0.11779387897500916,false,false,false
2026-02-11T23:18:47.676Z,0,false,-0.11779387897500916,false,false,false
2026-02-11T23:19:37.527Z,0,false,-0.11779387897500916,false,false,false
2026-02-11T23:20:28.026Z,0,false,-0.11779387897500916,false,false,false
2026-02-11T23:21:17.902Z,0,false,-0.11779387897500916,false,false,false
2026-02-11T23:22:07.735Z,0,false,-0.11779387897500916,false,false,false
2026-02-11T23:22:57.613Z,0,false,-0.11779387897500916,false,false,false
2026-02-11T23:23:47.957Z,0,false,-0.11779387897500916,false,false,false
2026-02-11T23:24:37.763Z,0,false,-0.11779387897500916,false,false,false
2026-02-11T23:25:27.950Z,0,false,-0.11779387897500916,false,false,false
2026-02-11T23:26:18.030Z,0,false,-0.11779387897500916,false,false,false
2026-02-11T23:27:08.304Z,0,false,-0.11779387897500916,false,false,false
2026-02-11T23:27:58.547Z,0,false,-0.11779387897500916,false,false,false
2026-02-11T23:28:48.445Z,0,false,-0.11779387897500916,false,false,false
2026-02-11T23:29:38.146Z,0,false,-0.11779387897500916,false,false,false
2026-02-11T23:30:27.975Z,0,false,-0.11779387897500916,false,false,false
2026-02-11T23:31:18.174Z,0,false,-0.11779387897500916,false,false,false
2026-02-11T23:32:08.446Z,0,false,-0.11779387897500916,false,false,false
2026-02-11T23:32:58.103Z,0,false,-0.11779387897500916,false,false,false
2026-02-11T23:33:48.353Z,0,false,-0.11779387897500916,false,false,false
2026-02-11T23:34:38.677Z,0,false,-0.11779387897500916,false,false,false
2026-02-11T23:35:28.521Z,0,false,-0.11779387897500916,false,false,false
2026-02-11T23:36:18.211Z,0,false,-0.11779387897500916,false,false,false
2026-02-11T23:37:08.612Z,0,false,-0.11779387897500916,false,false,false
2026-02-11T23:37:58.178Z,0,false,-0.11779387897500916,false,false,false
2026-02-11T23:38:48.587Z,0,false,-0.11779387897500916,false,false,false
2026-02-11T23:39:38.610Z,0,false,-0.11779387897500916,false,false,false
2026-02-11T23:40:29.183Z,0,false,-0.11779387897500916,false,false,false
2026-02-11T23:41:18.656Z,0,false,-0.11779387897500916,false,false,false
2026-02-11T23:42:08.865Z,0,false,-0.11779387897500916,false,false,false
2026-02-11T23:42:58.993Z,0,false,-0.11779387897500916,false,false,false
2026-02-11T23:43:48.546Z,0,false,-0.11779387897500916,false,false,false
2026-02-11T23:44:39.043Z,0,false,-0.11779387897500916,false,false,false
2026-02-11T23:45:29.010Z,0,false,-0.11779387897500916,false,false,false
2026-02-11T23:46:18.878Z,0,false,-0.11779387897500916,false,false,false
2026-02-11T23:47:08.883Z,0,false,-0.11779387897500916,false,false,false
2026-02-11T23:47:59.031Z,0,false,-0.11779387897500916,false,false,false
2026-02-11T23:48:49.689Z,0,false,-0.11779387897500916,false,false,false
2026-02-11T23:49:39.099Z,0,false,-0.11779387897500916,false,false,false
2026-02-11T23:50:29.231Z,0,false,-0.11779387897500916,false,false,false
2026-02-11T23:51:19.436Z,0,false,-0.11779387897500916,false,false,false
2026-02-11T23:52:09.445Z,0,false,-0.11779387897500916,false,false,false
2026-02-11T23:52:59.777Z,0,false,-0.11779387897500916,false,false,false
2026-02-11T23:53:49.328Z,0,false,-0.11779387897500916,false,false,false
2026-02-11T23:54:39.994Z,0,false,-0.11779387897500916,false,false,false
2026-02-11T23:55:29.300Z,0,false,-0.11779387897500916,false,false,false
2026-02-11T23:56:19.432Z,0,false,-0.11779387897500916,false,false,false
2026-02-11T23:57:09.177Z,0,false,-0.11779387897500916,false,false,false
2026-02-11T23:57:59.632Z,0,false,-0.11779387897500916,false,false,false
2026-02-11T23:58:49.660Z,0,false,-0.11779387897500916,false,false,false
2026-02-11T23:59:40.256Z,0,false,-0.11779387897500916,false,false,false
2026-02-12T00:00:29.603Z,0,false,-0.11779387897500916,false,false,false
2026-02-12T00:01:19.937Z,0,false,-0.11779387897500916,false,false,false
2026-02-12T00:02:09.911Z,0,false,-0.11779387897500916,false,false,false
2026-02-12T00:02:59.959Z,0,false,-0.11779387897500916,false,false,false
2026-02-12T00:03:50.026Z,0,false,-0.11779387897500916,false,false,false
2026-02-12T00:04:40.362Z,0,false,-0.11779387897500916,false,false,false
2026-02-12T00:05:30.069Z,0,false,-0.11779387897500916,false,false,false
2026-02-12T00:06:20.123Z,0,false,-0.11779387897500916,false,false,false
2026-02-12T00:07:10.428Z,0,false,-0.11779387897500916,false,false,false
2026-02-12T00:08:00.220Z,0,false,-0.11779387897500916,false,false,false
2026-02-12T00:08:50.209Z,0,false,-0.11779387897500916,false,false,false
2026-02-12T00:09:40.642Z,0,false,-0.11779387897500916,false,false,false
2026-02-12T00:10:30.501Z,0,false,-0.11779387897500916,false,false,false
2026-02-12T00:11:20.366Z,0,false,-0.11779387897500916,false,false,false
2026-02-12T00:12:10.488Z,0,false,-0.11779387897500916,false,false,false
2026-02-12T00:13:00.323Z,0,false,-0.11779387897500916,false,false,false
2026-02-12T00:13:50.517Z,0,false,-0.11779387897500916,false,false,false
2026-02-12T00:15:04.587Z,0,false,-0.11779387897500916,false,false,false
2026-02-12T00:15:55.653Z,0,false,-0.11779387897500916,false,false,false
2026-02-12T00:16:45.484Z,0,false,-0.11779387897500916,false,false,false
2026-02-12T00:17:35.680Z,0,false,-0.11779387897500916,false,false,false
2026-02-12T00:18:25.843Z,0,false,-0.11779387897500916,false,false,false
2026-02-12T00:19:15.838Z,0,false,-0.11779387897500916,false,false,false
2026-02-12T00:20:05.813Z,0,false,-0.11779387897500916,false,false,false
2026-02-12T00:20:55.996Z,0,false,-0.11779387897500916,false,false,false
2026-02-12T00:21:45.893Z,0,false,-0.11779387897500916,false,false,false
2026-02-12T00:22:36.130Z,0,false,-0.11779387897500916,false,false,false
2026-02-12T00:23:25.713Z,0,false,-0.11779387897500916,false,false,false
2026-02-12T00:24:15.986Z,0,false,-0.11779387897500916,false,false,false
2026-02-12T00:25:05.940Z,0,false,-0.11779387897500916,false,false,false
2026-02-12T00:25:56.184Z,0,false,-0.11779387897500916,false,false,false
2026-02-12T00:26:46.059Z,0,false,-0.11779387897500916,false,false,false
2026-02-12T00:27:41.180Z,0,false,-0.11779387897500916,false,false,false
2026-02-12T00:28:26.334Z,0,false,-0.11779387897500916,false,false,false
2026-02-12T00:29:16.361Z,0,false,-0.11779387897500916,false,false,false
2026-02-12T00:30:06.416Z,0,false,-0.11779387897500916,false,false,false
2026-02-12T00:30:56.605Z,0,false,-0.11779387897500916,false,false,false
2026-02-12T00:31:46.663Z,0,false,-0.11779387897500916,false,false,false
2026-02-12T00:32:36.560Z,0,false,-0.11779387897500916,false,false,false
2026-02-12T00:33:26.262Z,0,false,-0.11779387897500916,false,false,false
2026-02-12T00:34:16.342Z,0,false,-0.11779387897500916,false,false,false
2026-02-12T00:35:06.918Z,0,false,-0.11779387897500916,false,false,false
2026-02-12T00:35:56.543Z,0,false,-0.11779387897500916,false,false,false
2026-02-12T00:36:46.783Z,0,false,-0.11779387897500916,false,false,false
2026-02-12T00:37:36.627Z,0,false,-0.11779387897500916,false,false,false
2026-02-12T00:38:27.184Z,0,false,-0.11779387897500916,false,false,false
2026-02-12T00:39:16.910Z,0,false,-0.11779387897500916,false,false,false
2026-02-12T00:40:06.754Z,0,false,-0.11779387897500916,false,false,false
2026-02-12T00:40:57.240Z,0,false,-0.11779387897500916,false,false,false
2026-02-12T00:41:47.910Z,0,false,-0.11779387897500916,false,false,false
2026-02-12T00:42:37.062Z,0,false,-0.11779387897500916,false,false,false
2026-02-12T00:43:26.769Z,0,false,-0.11779387897500916,false,false,false
2026-02-12T00:44:23.227Z,0,false,-0.11779387897500916,false,false,false
2026-02-12T00:45:13.310Z,0,false,-0.11779387897500916,false,false,false
2026-02-12T00:46:02.342Z,0,false,-0.11779387897500916,false,false,false
2026-02-12T00:46:54.412Z,0,false,-0.11779387897500916,false,false,false
2026-02-12T00:47:43.472Z,0,false,-0.11779387897500916,false,false,false
2026-02-12T00:48:33.378Z,0,false,-0.11779387897500916,false,false,false
2026-02-12T00:49:23.553Z,0,false,-0.11779387897500916,false,false,false
2026-02-12T00:50:13.667Z,0,false,-0.11779387897500916,false,false,false
2026-02-12T00:51:03.828Z,0,false,-0.11779387897500916,false,false,false
2026-02-12T00:51:53.410Z,0,false,-0.11779387897500916,false,false,false
2026-02-12T00:52:44.474Z,0,false,-0.11779387897500916,false,false,false
2026-02-12T00:53:34.099Z,0,false,-0.11779387897500916,false,false,false
2026-02-12T00:54:23.887Z,0,false,-0.11779387897500916,false,false,false
2026-02-12T00:55:14.139Z,0,false,-0.11779387897500916,false,false,false
2026-02-12T00:56:03.789Z,0,false,-0.11779387897500916,false,false,false
2026-02-12T00:56:53.553Z,0,false,-0.11779387897500916,false,false,false
2026-02-12T00:57:44.108Z,0,false,-0.11779387897500916,false,false,false
2026-02-12T00:58:39.278Z,0,false,-0.11779387897500916,false,false,false
2026-02-12T00:59:24.113Z,0,false,-0.11779387897500916,false,false,false
2026-02-12T01:00:13.753Z,0,false,-0.11779387897500916,false,false,false
2026-02-12T01:01:04.544Z,0,false,-0.11779387897500916,false,false,false
2026-02-12T01:01:54.356Z,0,false,-0.11779387897500916,false,false,false
2026-02-12T01:02:44.271Z,0,false,-0.11779387897500916,false,false,false
2026-02-12T01:03:34.807Z,0,false,-0.11779387897500916,false,false,false
2026-02-12T01:04:24.195Z,0,false,-0.11779387897500916,false,false,false
2026-02-12T01:05:14.272Z,0,false,-0.11779387897500916,false,false,false
2026-02-12T01:06:04.267Z,0,false,-0.11779387897500916,false,false,false
2026-02-12T01:06:54.286Z,0,false,-0.11779387897500916,false,false,false
2026-02-12T01:07:44.367Z,0,false,-0.11779387897500916,false,false,false
2026-02-12T01:08:34.669Z,0,false,-0.11779387897500916,false,false,false
2026-02-12T01:09:25.148Z,0,false,-0.11779387897500916,false,false,false
2026-02-12T01:10:14.736Z,0,false,-0.11779387897500916,false,false,false
2026-02-12T01:11:04.867Z,0,false,-0.11779387897500916,false,false,false
2026-02-12T01:11:55.018Z,0,false,-0.11779387897500916,false,false,false
2026-02-12T01:12:44.762Z,0,false,-0.11779387897500916,false,false,false
2026-02-12T01:13:34.674Z,0,false,-0.11779387897500916,false,false,false
2026-02-12T01:14:25.099Z,0,false,-0.11779387897500916,false,false,false
2026-02-12T01:15:15.463Z,0,false,-0.11779387897500916,false,false,false
2026-02-12T01:16:05.318Z,0,false,-0.11779387897500916,false,false,false
2026-02-12T01:16:54.845Z,0,false,-0.11779387897500916,false,false,false
2026-02-12T01:17:45.493Z,0,false,-0.11779387897500916,false,false,false
2026-02-12T01:18:34.958Z,0,false,-0.11779387897500916,false,false,false
2026-02-12T01:19:25.393Z,0,false,-0.11779387897500916,false,false,false
2026-02-12T01:20:15.156Z,0,false,-0.11779387897500916,false,false,false
2026-02-12T01:21:05.365Z,0,false,-0.11779387897500916,false,false,false
2026-02-12T01:21:55.756Z,0,false,-0.11779387897500916,false,false,false
2026-02-12T01:22:45.332Z,0,false,-0.11779387897500916,false,false,false
2026-02-12T01:23:35.218Z,0,false,-0.11779387897500916,false,false,false
2026-02-12T01:24:25.531Z,0,false,-0.11779387897500916,false,false,false
2026-02-12T01:25:15.823Z,0,false,-0.11779387897500916,false,false,false
2026-02-12T01:26:05.874Z,0,false,-0.11779387897500916,false,false,false
2026-02-12T01:26:55.821Z,0,false,-0.11779387897500916,false,false,false
2026-02-12T01:27:46.013Z,0,false,-0.11779387897500916,false,false,false
2026-02-12T01:28:35.951Z,0,false,-0.11779387897500916,false,false,false
2026-02-12T01:29:26.715Z,0,false,-0.11779387897500916,false,false,false
2026-02-12T01:30:14.914Z,0,false,-0.11779387897500916,false,false,false
2026-02-12T01:31:05.151Z,0,false,-0.11779387897500916,false,false,false
2026-02-12T01:31:56.263Z,0,false,-0.11779387897500916,false,false,false
2026-02-12T01:32:46.694Z,0,false,-0.11779387897500916,false,false,false
2026-02-12T01:33:36.297Z,0,false,-0.11779387897500916,false,false,false
2026-02-12T01:34:26.888Z,0,false,-0.11779387897500916,false,false,false
2026-02-12T01:35:16.921Z,0,false,-0.11779387897500916,false,false,false
2026-02-12T01:36:06.134Z,0,false,-0.11779387897500916,false,false,false
2026-02-12T01:36:56.225Z,0,false,-0.11779387897500916,false,false,false
2026-02-12T01:37:46.482Z,0,false,-0.11779387897500916,false,false,false
2026-02-12T01:38:36.566Z,0,false,-0.11779387897500916,false,false,false
2026-02-12T01:39:26.632Z,0,false,-0.11779387897500916,false,false,false
2026-02-12T01:40:16.474Z,0,false,-0.11779387897500916,false,false,false
2026-02-12T01:41:06.614Z,0,false,-0.11779387897500916,false,false,false
2026-02-12T01:41:56.211Z,0,false,-0.11779387897500916,false,false,false
2026-02-12T01:42:46.682Z,0,false,-0.11779387897500916,false,false,false
2026-02-12T01:44:12.142Z,0,false,-0.11779387897500916,false,false,false
2026-02-12T01:45:01.886Z,0,false,-0.11779387897500916,false,false,false
2026-02-12T01:46:36.873Z,0,false,-0.11779387897500916,false,false,false
2026-02-12T01:47:26.666Z,0,false,-0.11779387897500916,false,false,false
2026-02-12T01:48:16.899Z,0,false,-0.11779387897500916,false,false,false
2026-02-12T01:49:32.002Z,0,false,-0.11779387897500916,false,false,false
2026-02-12T01:50:22.179Z,0,false,-0.11779387897500916,false,false,false
2026-02-12T01:51:13.017Z,0,false,-0.11779387897500916,false,false,false
2026-02-12T01:52:27.238Z,0,false,-0.11779387897500916,false,false,false
2026-02-12T01:53:17.509Z,0,false,-0.11779387897500916,false,false,false
2026-02-12T01:54:07.925Z,0,false,-0.11779387897500916,false,false,false
2026-02-12T01:54:57.311Z,0,false,-0.11779387897500916,false,false,false
2026-02-12T01:55:47.907Z,0,false,-0.11779387897500916,false,false,false
2026-02-12T01:56:36.322Z,0,false,-0.11779387897500916,false,false,false
2026-02-12T01:57:27.119Z,0,false,-0.11779387897500916,false,false,false
2026-02-12T01:58:17.647Z,0,false,-0.11779387897500916,false,false,false
2026-02-12T01:59:07.454Z,0,false,-0.11779387897500916,false,false,false